                  epoch,         train/box_loss,         train/cls_loss,         train/dfl_loss,   metrics/precision(B),      metrics/recall(B),       metrics/mAP50(B),    metrics/mAP50-95(B),           val/box_loss,           val/cls_loss,           val/dfl_loss,                 lr/pg0,                 lr/pg1,                 lr/pg2
                      1,                 1.3372,                 2.1478,                 1.3223,                0.47107,                0.55286,                0.51587,                0.32008,                 1.3483,                 2.3738,                 1.4495,             0.00047215,             0.00047215,             0.00047215
                      2,                 1.3752,                 1.7812,                 1.3262,                0.53983,                0.42502,                0.43998,                0.25513,                 1.4617,                 2.0319,                 1.4279,             0.00092501,             0.00092501,             0.00092501
