                  epoch,         train/box_loss,         train/cls_loss,         train/dfl_loss,   metrics/precision(B),      metrics/recall(B),       metrics/mAP50(B),    metrics/mAP50-95(B),           val/box_loss,           val/cls_loss,           val/dfl_loss,                 lr/pg0,                 lr/pg1,                 lr/pg2
                      1,                 1.3492,                 1.5495,                  1.319,                0.72827,                0.63467,                0.68391,                 0.3644,                 1.4694,                 1.7201,                 1.5489,             0.00066082,             0.00066082,             0.00066082
                      2,                 1.3799,                 1.2863,                 1.3295,                0.78565,                0.64861,                0.72775,                0.40957,                  1.492,                 1.4462,                 1.5551,              0.0010646,              0.0010646,              0.0010646
                      3,                 1.3661,                 1.1946,                 1.3363,                0.85615,                0.76161,                0.85985,                0.49678,                 1.3373,                 1.2005,                 1.3809,              0.0012045,              0.0012045,              0.0012045
                      4,                 1.3055,                 1.0832,                 1.2943,                0.85072,                0.80031,                0.87455,                0.52859,                 1.2721,                0.94924,                 1.3053,               0.000812,               0.000812,               0.000812
                      5,                  1.299,                 1.0254,                 1.2828,                0.85548,                0.79719,                0.88982,                0.55925,                 1.2406,                0.97088,                 1.3014,               0.000812,               0.000812,               0.000812
